Category_Group,mean,median,sum,std,min,max
Disposition of Violations,768.2163338453661,48.0,3000653,2669.49166885553,0,44449
Original Violations,1399.1241039426523,174.5,3122845,3486.794322514983,0,43303
